{
	"format_version": "1.8.0",
	"animations": {
		"walk": {
			"loop": true,
			"animation_length": 2.29167,
			"bones": {
				"head": {
					"rotation": {
						"0.0": [0, 0, 0],
						"1.125": [0, 0, -7.5],
						"2.25": [0, 0, 0]
					}
				},
				"body": {
					"rotation": {
						"0.0": [0, 0, 0],
						"1.25": [0, 0, -5],
						"2.25": [0, 0, 0]
					}
				},
				"rightHand": {
					"rotation": {
						"0.0": [0, 0, 0],
						"0.7083": [0, 0, -15],
						"1.4167": [-3.17485, -6.50036, 1.12703],
						"2.0": [-6.64295, -7.42296, 10.07542],
						"2.25": [0, 0, 0]
					},
					"position": [0, 0, 0]
				},
				"rightLeg": {
					"rotation": {
						"0.0": [0, 0, 0],
						"0.5417": [0, 0, 22.5],
						"1.125": [0, 0, 0],
						"1.6667": [0, 0, -22.5],
						"2.25": [0, 0, 0]
					},
					"position": {
						"0.0": [0, 0, 0],
						"0.5417": [-2, 0, 0],
						"1.125": [0, 0, 0],
						"1.6667": [1, 0, 0],
						"2.25": [0, 0, 0]
					}
				},
				"leftLeg": {
					"rotation": {
						"0.0": [0, 0, 0],
						"0.5417": [0, 0, -22.5],
						"1.125": [0, 0, 0],
						"1.6667": [0, 0, 22.5],
						"2.25": [0, 0, 0]
					},
					"position": {
						"0.0": [0, 0, 0],
						"0.5417": [1, 0, 0],
						"1.125": [0, 0, 0],
						"1.6667": [-2, 0, 0],
						"2.25": [0, 0, 0]
					}
				},
				"leftHand": {
					"rotation": {
						"0.0": [0, 0, 0],
						"1.0": [0, 0, 10],
						"1.6667": [0, 0, 0],
						"2.2917": [0, 0, -7.08]
					}
				},
				"bone": {
					"rotation": {
						"0.0": [0, 0, 0],
						"0.0417": [0, 0, 0],
						"0.0833": [0, 0, 0],
						"0.125": [0, 0, 0],
						"0.1667": [0, 0, 0],
						"0.2083": [0, 0, 0],
						"0.25": [0, 0, 0],
						"0.2917": [0, 0, 0],
						"0.3333": [0, 0, 0],
						"0.375": [0, 0, 0],
						"0.4167": [0, 0, 0],
						"0.4583": [0, 0, 0],
						"0.5": [0, 0, 0],
						"0.5417": [0, 0, 0],
						"0.5833": [0, 0, 0],
						"0.625": [0, 0, 0],
						"0.6667": [0, 0, 0],
						"0.7083": [0, 0, 0],
						"0.75": [0, 0, 0],
						"0.7917": [0, 0, 0],
						"0.8333": [0, 0, 0],
						"0.875": [0, 0, 0],
						"0.9167": [0, 0, 0],
						"0.9583": [0, 0, 0],
						"1.0": [0, 0, 0],
						"1.0417": [0, 0, 0],
						"1.0833": [0, 0, 0],
						"1.125": [0, 0, 0],
						"1.1667": [0, 0, 0],
						"1.2083": [0, 0, 0],
						"1.25": [0, 0, 0],
						"1.2917": [0, 0, 0],
						"1.3333": [0, 0, 0],
						"1.375": [0, 0, 0],
						"1.4167": [0, 0, 0],
						"1.4583": [0, 0, 0],
						"1.5": [0, 0, 0],
						"1.5417": [0, 0, 0],
						"1.5833": [0, 0, 0],
						"1.625": [0, 0, 0],
						"1.6667": [0, 0, 0],
						"1.7083": [0, 0, 0],
						"1.75": [0, 0, 0],
						"1.7917": [0, 0, 0],
						"1.8333": [0, 0, 0],
						"1.875": [0, 0, 0],
						"1.9167": [0, 0, 0],
						"1.9583": [0, 0, 0],
						"2.0": [0, 0, 0],
						"2.0417": [0, 0, 0],
						"2.0833": [0, 0, 0],
						"2.125": [0, 0, 0],
						"2.1667": [0, 0, 0],
						"2.2083": [0, 0, 0],
						"2.25": [0, 0, 0]
					}
				},
				"bone2": {
					"rotation": {
						"0.0": [0, 0, 0],
						"0.0417": [0, 0, 0],
						"0.0833": [0, 0, 0],
						"0.125": [0, 0, 0],
						"0.1667": [0, 0, 0],
						"0.2083": [0, 0, 0],
						"0.25": [0, 0, 0],
						"0.2917": [0, 0, 0],
						"0.3333": [0, 0, 0],
						"0.375": [0, 0, 0],
						"0.4167": [0, 0, 0],
						"0.4583": [0, 0, 0],
						"0.5": [0, 0, 0],
						"0.5417": [0, 0, 0],
						"0.5833": [0, 0, 0],
						"0.625": [0, 0, 0],
						"0.6667": [0, 0, 0],
						"0.7083": [0, 0, 0],
						"0.75": [0, 0, 0],
						"0.7917": [0, 0, 0],
						"0.8333": [0, 0, 0],
						"0.875": [0, 0, 0],
						"0.9167": [0, 0, 0],
						"0.9583": [0, 0, 0],
						"1.0": [0, 0, 0],
						"1.0417": [0, 0, 0],
						"1.0833": [0, 0, 0],
						"1.125": [0, 0, 0],
						"1.1667": [0, 0, 0],
						"1.2083": [0, 0, 0],
						"1.25": [0, 0, 0],
						"1.2917": [0, 0, 0],
						"1.3333": [0, 0, 0],
						"1.375": [0, 0, 0],
						"1.4167": [0, 0, 0],
						"1.4583": [0, 0, 0],
						"1.5": [0, 0, 0],
						"1.5417": [0, 0, 0],
						"1.5833": [0, 0, 0],
						"1.625": [0, 0, 0],
						"1.6667": [0, 0, 0],
						"1.7083": [0, 0, 0],
						"1.75": [0, 0, 0],
						"1.7917": [0, 0, 0],
						"1.8333": [0, 0, 0],
						"1.875": [0, 0, 0],
						"1.9167": [0, 0, 0],
						"1.9583": [0, 0, 0],
						"2.0": [0, 0, 0],
						"2.0417": [0, 0, 0],
						"2.0833": [0, 0, 0],
						"2.125": [0, 0, 0],
						"2.1667": [0, 0, 0],
						"2.2083": [0, 0, 0],
						"2.25": [0, 0, 0]
					}
				},
				"bone3": {
					"rotation": {
						"0.0": [0, 0, 0],
						"0.0417": [0, 0, 0],
						"0.0833": [0, 0, 0],
						"0.125": [0, 0, 0],
						"0.1667": [0, 0, 0],
						"0.2083": [0, 0, 0],
						"0.25": [0, 0, 0],
						"0.2917": [0, 0, 0],
						"0.3333": [0, 0, 0],
						"0.375": [0, 0, 0],
						"0.4167": [0, 0, 0],
						"0.4583": [0, 0, 0],
						"0.5": [0, 0, 0],
						"0.5417": [0, 0, 0],
						"0.5833": [0, 0, 0],
						"0.625": [0, 0, 0],
						"0.6667": [0, 0, 0],
						"0.7083": [0, 0, 0],
						"0.75": [0, 0, 0],
						"0.7917": [0, 0, 0],
						"0.8333": [0, 0, 0],
						"0.875": [0, 0, 0],
						"0.9167": [0, 0, 0],
						"0.9583": [0, 0, 0],
						"1.0": [0, 0, 0],
						"1.0417": [0, 0, 0],
						"1.0833": [0, 0, 0],
						"1.125": [0, 0, 0],
						"1.1667": [0, 0, 0],
						"1.2083": [0, 0, 0],
						"1.25": [0, 0, 0],
						"1.2917": [0, 0, 0],
						"1.3333": [0, 0, 0],
						"1.375": [0, 0, 0],
						"1.4167": [0, 0, 0],
						"1.4583": [0, 0, 0],
						"1.5": [0, 0, 0],
						"1.5417": [0, 0, 0],
						"1.5833": [0, 0, 0],
						"1.625": [0, 0, 0],
						"1.6667": [0, 0, 0],
						"1.7083": [0, 0, 0],
						"1.75": [0, 0, 0],
						"1.7917": [0, 0, 0],
						"1.8333": [0, 0, 0],
						"1.875": [0, 0, 0],
						"1.9167": [0, 0, 0],
						"1.9583": [0, 0, 0],
						"2.0": [0, 0, 0],
						"2.0417": [0, 0, 0],
						"2.0833": [0, 0, 0],
						"2.125": [0, 0, 0],
						"2.1667": [0, 0, 0],
						"2.2083": [0, 0, 0],
						"2.25": [0, 0, 0]
					}
				},
				"bone4": {
					"rotation": {
						"0.0": [-20.72913, 2.11335, 11.51733],
						"0.0417": [-0.22557, -0.00002, -0.01156],
						"0.0833": [-0.22558, -0.00002, -0.01155],
						"0.125": [-0.22558, -0.00002, -0.01152],
						"0.1667": [-0.22558, -0.00002, -0.01148],
						"0.2083": [-0.22558, -0.00002, -0.01144],
						"0.25": [-0.22558, -0.00002, -0.01138],
						"0.2917": [-0.22558, -0.00002, -0.01131],
						"0.3333": [-0.22558, -0.00002, -0.01123],
						"0.375": [-0.22559, -0.00002, -0.01114],
						"0.4167": [-0.22559, -0.00002, -0.01104],
						"0.4583": [-0.22559, -0.00002, -0.01094],
						"0.5": [-0.22559, -0.00002, -0.01082],
						"0.5417": [-0.22559, -0.00002, -0.01069],
						"0.5833": [-0.19454, 0.00001, 0.00865],
						"0.625": [-0.19454, 0.00001, 0.00874],
						"0.6667": [-0.19454, 0.00001, 0.00883],
						"0.7083": [-0.19454, 0.00002, 0.0089],
						"0.75": [-0.19454, 0.00002, 0.00897],
						"0.7917": [-0.19455, 0.00002, 0.00903],
						"0.8333": [-0.19455, 0.00002, 0.00909],
						"0.875": [-0.19455, 0.00002, 0.00913],
						"0.9167": [-0.19455, 0.00002, 0.00917],
						"0.9583": [-0.19455, 0.00002, 0.00921],
						"1.0": [-0.19455, 0.00002, 0.00923],
						"1.0417": [-0.19455, 0.00002, 0.00925],
						"1.0833": [-0.19455, 0.00002, 0.00926],
						"1.125": [-0.19455, 0.00002, 0.00926],
						"1.1667": [-0.05648, 0, 0.00145],
						"1.2083": [-0.05648, 0, 0.00145],
						"1.25": [-0.05648, 0, 0.00144],
						"1.2917": [-0.05648, 0, 0.00144],
						"1.3333": [-0.05648, 0, 0.00143],
						"1.375": [-0.05648, 0, 0.00142],
						"1.4167": [-0.05648, 0, 0.00142],
						"1.4583": [-0.05648, 0, 0.00141],
						"1.5": [-0.05648, 0, 0.00139],
						"1.5417": [-0.05648, 0, 0.00138],
						"1.5833": [-0.05648, 0, 0.00137],
						"1.625": [-0.05648, 0, 0.00135],
						"1.6667": [-0.05648, 0, 0.00134],
						"1.7083": [-0.0487, 0, -0.00108],
						"1.75": [-0.0487, 0, -0.00109],
						"1.7917": [-0.0487, 0, -0.0011],
						"1.8333": [-0.0487, 0, -0.00111],
						"1.875": [-0.0487, 0, -0.00112],